{
  "title": "Lab 02. Docker Images #1",
  "description": "Ce scénario vous montrera comment commencer à créer vos propres images Docker",
  "details": {
    "steps": [
      {
        "title": "Etape 1 - Affichage et  pull images",
        "text": "step1.md",
        "verify": "step1-verify.sh"
      },
      {
        "title": "Etape 2 - Suppression d'images",
        "text": "step2.md"
      },
      {
        "title": "Step 3 - Construire sa propre image",
        "text": "step3.md",
        "answer": "step3-answer.md",
        "verify": "step3-verify.sh"
      }
    ],
    "intro": {
      "text": "intro.md"
    },
    "finish": {
      "text": "finish.md"
    },
    "assets": {
      "client": [
        {
          "file": "*",
          "target": "~/tutorial/"
        }
      ]
    }
  },
  "files": [
    "Dockerfile"
  ],
  "environment": {
    "uilayout": "editor-terminal",
    "showdashboard": true,
    "dashboards": [
      {
        "name": "Prod App",
        "port": 81
      },
      {
        "name": "Dev App",
        "port": 82
      }
    ]
  },
  "backend": {
    "imageid": "ubuntu:1804"
  }
}
