{
  "title": "Lab 03. Multistage Docker images",
  "description": "Ce scénario vous montrera comment commencer à créer vos propres images Docker",
  "details": {
    "steps": [
      {
        "title": "Step 1 - Clone du repo",
        "text": "step1.md"
      },
      {
        "title": "Step 2 - Build de l'application",
        "text": "step2.md",
        "answer": "step2-answer.md",
        "courseData": "create-dockerignore.sh"
      },
      {
        "title": "Step 3 - Host it!",
        "text": "step3.md",
        "answer": "step3-answer.md"
      },
      {
        "title": "Step 4 - Optimisation ",
        "text": "step4.md",
        "answer": "step4-answer.md"
      }
    ],
    "finish": {
      "text": "finish.md"
    }
  },
  "files": [
    "Dockerfile"
  ],
  "environment": {
    "uilayout": "editor-terminal"
  },
  "backend": {
    "imageid": "ubuntu"
  }
}
