{
  "title": "Docker Introduction pour debutants",
  "description": "Decouverte des fondamentaux de Docker(Container Isolation, PID et logs)",
  "time":"45min", 
  "details": {
    "steps": [
      {
        "title": "Container vs Virtual Machine",
        "text": "step1.md"
      },
      {
        "title": "Ligne de commande de base",
        "text": "step2.md"
      },
      {
        "title": "Ligne de commande de base",
        "text": "step3.md"
      },
      {
        "title": "Conteneur:  PID & Host Process",
        "text": "step4.md"
      },
      {
        "title": "Comnteneur: PID & Host Process",
        "text": "step5.md"
      },
      {
        "title": "Conteneurs Logs",
        "text": "step6.md"
      },
      {
        "title": "Conteneurs Logs",
        "text": "step7.md"
      }
    ],
    "intro": {
      "text": "intro.md"
    },
    "finish": {
      "text": "finish.md"
    }
  },
  "environment": {
    "uilayout": "terminal"
  },
  "backend": {
    "imageid": "ubuntu"
  }
}